patient_id,first_name,last_name,dob,gender,patient_email
1,Charline,Raw,2007-10-28,Female,craw0@ebay.co.uk
2,Elenore,Paraman,1966-07-13,Female,eparaman1@google.co.uk
3,Ward,Antunes,1977-10-18,Male,wantunes2@bravesites.com
4,Hayden,Coope,2018-11-24,Male,hcoope3@tinypic.com
5,Tobe,Blazevic,1973-03-22,Male,tblazevic4@barnesandnoble.com
6,Elliot,Prester,2016-07-09,Male,eprester5@dyndns.org
7,Almeta,Twiggins,1965-09-25,Female,atwiggins6@1688.com
8,Burnaby,Hafford,1972-06-06,Male,bhafford7@g.co
9,Flori,Zuanelli,2021-01-02,Female,fzuanelli8@china.com.cn
10,Hilde,Cantos,1967-10-09,Female,hcantos9@simplemachines.org
11,Bax,Baldcock,1998-02-23,Male,bbaldcocka@upenn.edu
12,Concordia,Ghelardoni,1997-11-22,Female,cghelardonib@ameblo.jp
13,Cassi,Nellies,2019-08-21,Female,cnelliesc@washington.edu
14,Heloise,Hannay,2020-01-18,Female,hhannayd@cloudflare.com
15,Brandon,Romagnosi,1968-03-06,Male,bromagnosie@hud.gov
16,Nikolaos,Lansberry,1987-09-02,Male,nlansberryf@europa.eu
17,Bea,Bowyer,2022-11-25,Female,bbowyerg@phpbb.com
18,William,Kalisz,2017-01-29,Male,wkaliszh@opensource.org
19,Ricca,Strowger,1962-12-17,Female,rstrowgeri@addtoany.com
20,Ingeborg,Bothe,1968-07-29,Female,ibothej@sogou.com
21,Waldo,Fellowes,2011-07-17,Male,wfellowesk@foxnews.com
22,Gillan,Freegard,1976-03-28,Female,gfreegardl@arizona.edu
23,Moishe,Klossek,2022-11-27,Male,mklossekm@chronoengine.com
24,Max,Vasilechko,2007-06-24,Female,mvasilechkon@hao123.com
25,Sada,Garbett,1984-02-13,Female,sgarbetto@google.ca
26,Joice,Nancarrow,1980-07-17,Female,jnancarrowp@huffingtonpost.com
27,Reggy,Vermer,1978-09-25,Male,rvermerq@nsw.gov.au
28,Kaine,Padberry,2001-05-14,Male,kpadberryr@i2i.jp
29,Connor,Grimsey,2009-03-05,Male,cgrimseys@dropbox.com
30,Frederich,Reddihough,1976-05-11,Male,freddihought@ft.com
31,Donnamarie,Abbe,1983-06-28,Female,dabbeu@intel.com
32,Ugo,Yellowlea,1966-10-15,Male,uyellowleav@java.com
33,Nissy,Karpfen,1975-05-15,Female,nkarpfenw@wsj.com
34,Rebekkah,Binnes,1978-07-21,Female,rbinnesx@comsenz.com
35,Debbi,Jelliman,1961-11-11,Female,djellimany@photobucket.com
36,Rock,Pieterick,2016-12-26,Male,rpieterickz@wordpress.com
37,Mariette,Soppeth,1974-09-05,Female,msoppeth10@mediafire.com
38,Haydon,Babidge,1968-05-14,Male,hbabidge11@last.fm
39,Francklyn,Boice,2017-10-14,Male,fboice12@tinypic.com
40,Titus,Spondley,1961-09-02,Male,tspondley13@ft.com
41,Chandal,Whife,2021-08-23,Female,cwhife14@tripadvisor.com
42,Angelo,Stitfall,1981-06-14,Male,astitfall15@so-net.ne.jp
43,Barbabas,Dugood,2009-01-17,Male,bdugood16@boston.com
44,Othella,Aleveque,1984-06-08,Female,oaleveque17@usnews.com
45,Henrieta,Dowtry,2006-06-17,Female,hdowtry18@msn.com
46,Edan,Suthworth,2018-08-24,Male,esuthworth19@uol.com.br
47,Glenda,Friskey,1976-08-03,Female,gfriskey1a@slideshare.net
48,Erda,Dowsing,2022-10-09,Female,edowsing1b@who.int
49,Harlen,Jupe,1970-11-15,Male,hjupe1c@youku.com
50,Zack,Wetherill,2013-08-26,Male,zwetherill1d@bandcamp.com
51,Cindie,Chazelle,1983-12-23,Female,cchazelle1e@princeton.edu
52,Violante,Taborre,2025-02-07,Female,vtaborre1f@theglobeandmail.com
53,Mohandis,Petruska,1973-07-16,Male,mpetruska1g@biblegateway.com
54,Gizela,Wellbeloved,1997-11-15,Female,gwellbeloved1h@blogtalkradio.com
55,Gothart,Bartoszek,1980-01-20,Male,gbartoszek1i@netlog.com
56,Keeley,Faithfull,2005-05-09,Female,kfaithfull1j@google.it
57,Leticia,Greeve,1987-03-26,Female,lgreeve1k@kickstarter.com
58,Ransom,Lannin,1992-06-25,Male,rlannin1l@zdnet.com
59,Terese,Goodbur,2009-01-07,Female,tgoodbur1m@prweb.com
60,Valera,Sturgess,1981-11-20,Female,vsturgess1n@cmu.edu
61,Shaina,Entissle,2001-05-23,Female,sentissle1o@illinois.edu
62,Mel,Pitcaithley,2024-10-11,Male,mpitcaithley1p@businessweek.com
63,Corrianne,Barkworth,1978-01-03,Female,cbarkworth1q@indiegogo.com
64,Olia,Docksey,1972-05-26,Female,odocksey1r@globo.com
65,Panchito,Viel,2005-07-05,Male,pviel1s@biglobe.ne.jp
66,Lettie,Venus,2009-12-24,Female,lvenus1t@google.com.br
67,Buffy,Kitchingman,2017-01-20,Female,bkitchingman1u@abc.net.au
68,Aubert,Adolf,1990-07-15,Male,aadolf1v@adobe.com
69,Bailey,MacGuiness,1980-11-24,Male,bmacguiness1w@nbcnews.com
70,Lindy,Milsted,1993-08-07,Male,lmilsted1x@google.ca
71,Klarika,Drane,1961-07-24,Female,kdrane1y@meetup.com
72,Harley,Fitzsimons,2010-01-14,Female,hfitzsimons1z@mozilla.com
73,Pancho,Sedman,1993-07-05,Male,psedman20@ucsd.edu
74,Gretal,Ruoss,2013-12-01,Female,gruoss21@state.gov
75,Marmaduke,Blannin,1998-09-17,Male,mblannin22@ucoz.ru
76,Audrey,Kleynermans,1997-07-18,Female,akleynermans23@mit.edu
77,Sarine,Erwin,1995-08-18,Female,serwin24@fotki.com
78,Winfield,Seymark,2013-12-22,Male,wseymark25@cornell.edu
79,Hy,Tschiersch,1977-05-24,Male,htschiersch26@dmoz.org
80,Joline,Brunstan,2021-12-16,Female,jbrunstan27@goodreads.com
81,Leann,McCraw,2015-05-22,Female,lmccraw28@ihg.com
82,Dante,Ferrotti,1969-12-20,Male,dferrotti29@nyu.edu
83,Frederica,Derbyshire,2019-01-27,Female,fderbyshire2a@digg.com
84,Reinaldos,Elies,2007-05-22,Male,relies2b@creativecommons.org
85,Boy,Aldhous,2009-02-04,Male,baldhous2c@scientificamerican.com
86,Franklyn,Veasey,1992-09-18,Male,fveasey2d@harvard.edu
87,Ignacius,Fulham,2008-03-06,Male,ifulham2e@ucoz.com
88,Stearne,Crust,1967-11-16,Male,scrust2f@hc360.com
89,Bibbye,Canby,1977-04-27,Female,bcanby2g@photobucket.com
90,Judd,Coghill,2000-10-14,Male,jcoghill2h@ca.gov
91,Pippa,Kiendl,1962-01-08,Female,pkiendl2i@sfgate.com
92,Zacherie,Ketcher,2023-06-15,Male,zketcher2j@topsy.com
93,Vinnie,Mateu,1972-05-07,Male,vmateu2k@ask.com
94,Kristal,Olenin,2004-03-27,Female,kolenin2l@hhs.gov
95,Cull,Itter,2013-02-17,Male,citter2m@fc2.com
96,Mickey,Shippam,2023-08-11,Male,mshippam2n@zimbio.com
97,Katharine,Hulburt,1975-01-12,Female,khulburt2o@rambler.ru
98,Vincents,MacPhee,1973-08-12,Male,vmacphee2p@dailymotion.com
99,Sarette,Windless,2009-11-24,Female,swindless2q@shop-pro.jp
100,Britni,Kilbey,1973-09-16,Female,bkilbey2r@wordpress.org
101,Lindon,Cottu,2022-01-18,Male,lcottu2s@disqus.com
102,Abbi,Leader,2006-08-04,Female,aleader2t@a8.net
103,Virgie,Harrow,1962-08-26,Male,vharrow2u@ted.com
104,Gabriellia,Cathesyed,1976-01-02,Female,gcathesyed2v@etsy.com
105,Rip,Pencost,2024-10-06,Male,rpencost2w@ucla.edu
106,Bryan,Cantua,2013-10-23,Male,bcantua2x@spiegel.de
107,Rolph,Zuann,2015-10-30,Male,rzuann2y@msn.com
108,Buffy,Thebe,2002-07-26,Female,bthebe2z@netvibes.com
109,Tandi,Shapcott,1968-03-28,Female,tshapcott30@newyorker.com
110,Horten,Wasteney,2013-01-22,Male,hwasteney31@wiley.com
111,Alan,Williams,1993-08-01,Male,awilliams32@gizmodo.com
112,Kingsley,Edmondson,2024-01-01,Male,kedmondson33@skyrock.com
113,Valle,Aronowicz,1982-12-20,Male,varonowicz34@yelp.com
114,Sheffy,Cosham,2018-01-01,Male,scosham35@hubpages.com
115,Gypsy,Filinkov,1998-10-07,Female,gfilinkov36@craigslist.org
116,Rice,Tiebe,2013-02-19,Male,rtiebe37@narod.ru
117,Neall,Leare,1986-09-02,Male,nleare38@mapy.cz
118,Sheridan,Wickins,2016-04-02,Male,swickins39@taobao.com
119,Drucie,Fazackerley,1962-12-17,Female,dfazackerley3a@bing.com
120,Tabby,Berks,1976-09-25,Male,tberks3b@instagram.com
121,Tate,Creasey,1992-08-11,Female,tcreasey3c@oracle.com
122,Damon,Fetherstonhaugh,2006-11-13,Male,dfetherstonhaugh3d@wikimedia.org
123,Mel,Ellens,2015-06-17,Male,mellens3e@yolasite.com
124,Etti,Mabbett,1966-04-01,Female,emabbett3f@devhub.com
125,Lucienne,Flaverty,1994-08-06,Female,lflaverty3g@trellian.com
126,Ashlan,Spurdon,1966-03-24,Female,aspurdon3h@mediafire.com
127,Templeton,Parysiak,1982-07-30,Male,tparysiak3i@psu.edu
128,Michelina,Agronski,1984-06-25,Female,magronski3j@narod.ru
129,Vinnie,Chettle,1963-11-09,Female,vchettle3k@qq.com
130,Claudine,Maliffe,2015-06-07,Female,cmaliffe3l@washingtonpost.com
131,Abel,Hadfield,1977-07-09,Male,ahadfield3m@princeton.edu
132,Ervin,Webby,1994-02-09,Male,ewebby3n@163.com
133,Myrah,Jeffery,2016-07-17,Female,mjeffery3o@trellian.com
134,Stewart,Helleker,1975-05-01,Male,shelleker3p@bing.com
135,Linnet,Keslake,2014-06-04,Female,lkeslake3q@elegantthemes.com
136,Murvyn,Abyss,2008-03-20,Male,mabyss3r@usgs.gov
137,Stephana,Tatlow,2020-03-14,Female,statlow3s@ft.com
138,Katerina,Butler,1999-10-28,Female,kbutler3t@youtube.com
139,Devin,Stollman,2012-11-05,Male,dstollman3u@squidoo.com
140,Wat,Orritt,2007-10-05,Male,worritt3v@mit.edu
141,Stanley,Llorente,1982-09-10,Male,sllorente3w@flickr.com
142,Agneta,Worden,2012-09-08,Female,aworden3x@sciencedaily.com
143,Redd,Casley,1962-05-15,Male,rcasley3y@eepurl.com
144,Taddeusz,Van De Cappelle,1976-04-14,Male,tvandecappelle3z@a8.net
145,Zachariah,Signe,2007-03-15,Male,zsigne40@eepurl.com
146,Philippe,Ciobutaru,2000-03-25,Female,pciobutaru41@cargocollective.com
147,Gerri,Donke,1960-12-13,Male,gdonke42@digg.com
148,Arley,Coe,1978-02-24,Male,acoe43@nps.gov
149,Heidi,Mandy,2020-02-11,Female,hmandy44@google.de
150,Griffy,Creese,1982-05-24,Male,gcreese45@wufoo.com
151,Natalee,Rudkin,1993-09-10,Female,nrudkin46@a8.net
152,Gaylord,Huddlestone,1973-03-20,Male,ghuddlestone47@nba.com
153,Randolf,Jaxon,1994-02-22,Male,rjaxon48@nymag.com
154,Tandy,Kubik,1973-07-08,Female,tkubik49@odnoklassniki.ru
155,Carena,Attwoul,2020-02-01,Female,cattwoul4a@is.gd
156,Jard,Bourthouloume,2013-03-29,Male,jbourthouloume4b@bbc.co.uk
157,Gaile,Kamiyama,2017-07-21,Male,gkamiyama4c@samsung.com
158,Chloris,Champneys,2011-08-17,Female,cchampneys4d@fotki.com
159,Eulalie,Sidsaff,1996-03-22,Female,esidsaff4e@cnbc.com
160,Euell,Pollen,1974-08-13,Male,epollen4f@networkadvertising.org
161,Isa,Preedy,1988-08-26,Female,ipreedy4g@princeton.edu
162,Loella,Hekkert,2020-08-17,Female,lhekkert4h@wikipedia.org
163,Zsazsa,Rizzetti,1994-01-20,Female,zrizzetti4i@huffingtonpost.com
164,Guss,Jaggard,1992-10-23,Male,gjaggard4j@ed.gov
165,Franz,Godier,2023-06-02,Male,fgodier4k@utexas.edu
166,Geno,Cheshire,1969-12-10,Male,gcheshire4l@cisco.com
167,Toby,Le Claire,2001-05-29,Female,tleclaire4m@marriott.com
168,Terence,Szantho,1995-12-01,Male,tszantho4n@xrea.com
169,Lodovico,Siss,2021-08-24,Male,lsiss4o@opera.com
170,Hillie,Bownde,1992-09-27,Male,hbownde4p@buzzfeed.com
171,Bellanca,Trundell,1975-06-12,Female,btrundell4q@home.pl
172,Yetta,Wackett,2018-12-11,Female,ywackett4r@ftc.gov
173,Saunderson,Waistell,1969-01-05,Male,swaistell4s@webnode.com
174,Moore,Drache,2006-06-24,Male,mdrache4t@vk.com
175,Emerson,Ikin,1988-04-06,Male,eikin4u@goo.gl
176,Julieta,Rowbrey,1979-03-09,Female,jrowbrey4v@digg.com
177,Shep,Challenor,1993-03-09,Male,schallenor4w@google.ru
178,Reamonn,Shakespear,2013-04-05,Male,rshakespear4x@diigo.com
179,Theo,Buckeridge,2021-07-30,Female,tbuckeridge4y@twitter.com
180,Valencia,Hanner,1969-01-03,Female,vhanner4z@kickstarter.com
181,Joaquin,O'Hingerty,1969-06-24,Male,johingerty50@google.com.br
182,Jacquelynn,Frary,2025-03-28,Female,jfrary51@marriott.com
183,Clarabelle,Hancorn,1997-12-15,Female,chancorn52@devhub.com
184,Inness,Della Scala,1991-03-20,Male,idellascala53@clickbank.net
185,Marleah,Pettingall,1987-11-28,Female,mpettingall54@facebook.com
186,Christiano,Swalough,2011-08-24,Male,cswalough55@storify.com
187,Ethyl,Byre,2007-03-08,Female,ebyre56@wisc.edu
188,Rosamund,Domoni,2008-12-10,Female,rdomoni57@nba.com
189,Marion,Anfonsi,1994-05-28,Female,manfonsi58@chron.com
190,Eldridge,Duesbury,2010-03-05,Male,eduesbury59@delicious.com
191,Eugen,Gourlie,1989-12-16,Male,egourlie5a@foxnews.com
192,Jacqui,Shore,2013-04-26,Female,jshore5b@jimdo.com
193,Pennie,Gueste,2017-01-18,Male,pgueste5c@google.com.hk
194,Brade,Hillett,1967-03-24,Male,bhillett5d@craigslist.org
195,Ianthe,Warke,1991-08-14,Female,iwarke5e@nsw.gov.au
196,Krispin,Studders,1981-07-11,Male,kstudders5f@yale.edu
197,Emmey,Dani,1981-11-27,Female,edani5g@theatlantic.com
198,Darda,Luciano,1970-03-21,Female,dluciano5h@dion.ne.jp
199,Alvin,Frugier,1977-06-01,Male,afrugier5i@mapy.cz
200,Dulcy,Lindenbluth,1992-08-20,Female,dlindenbluth5j@studiopress.com
201,Roz,Lanchbury,2022-08-01,Female,rlanchbury5k@aol.com
202,Diandra,Madeley,1964-01-10,Female,dmadeley5l@symantec.com
203,Yankee,Agglione,1989-02-13,Male,yagglione5m@naver.com
204,Hannis,Agostini,1994-12-21,Female,hagostini5n@nyu.edu
205,Georgeta,Kinworthy,2008-03-27,Female,gkinworthy5o@hc360.com
206,Minor,Gebhardt,1976-11-21,Male,mgebhardt5p@google.fr
207,Truda,Headley,2000-08-05,Female,theadley5q@ihg.com
208,Emilio,Fareweather,2018-01-18,Male,efareweather5r@pagesperso-orange.fr
209,Roderich,Igounet,1973-11-21,Male,rigounet5s@csmonitor.com
210,Garv,Arsey,1979-01-21,Male,garsey5t@si.edu
211,Rudolfo,Baugham,1976-12-13,Male,rbaugham5u@desdev.cn
212,Nikita,Blaksland,2023-04-13,Male,nblaksland5v@liveinternet.ru
213,Humfried,Dechelle,1983-02-25,Male,hdechelle5w@digg.com
214,Jessica,Minghi,1999-11-04,Female,jminghi5x@sfgate.com
215,Willabella,Lievesley,1983-08-19,Female,wlievesley5y@google.de
216,Juana,O'Spellissey,2018-05-02,Female,jospellissey5z@hubpages.com
217,Brianne,Napleton,1984-12-17,Female,bnapleton60@nymag.com
218,Lauraine,Laxtonne,1986-08-16,Female,llaxtonne61@istockphoto.com
219,Ignacius,Cortnay,2002-11-19,Male,icortnay62@cbsnews.com
220,Felipe,Peres,1964-01-15,Male,fperes63@vinaora.com
221,Franni,Bicknell,2002-09-22,Female,fbicknell64@forbes.com
222,Zollie,Attac,1983-08-30,Male,zattac65@sciencedaily.com
223,Rickie,Naisey,2013-02-05,Female,rnaisey66@businessinsider.com
224,Nanette,McKinnell,1961-11-18,Female,nmckinnell67@discovery.com
225,Cassondra,Ennever,2021-03-01,Female,cennever68@mozilla.com
226,Nell,Burds,2024-08-01,Female,nburds69@simplemachines.org
227,Gregorio,Skully,2001-09-05,Male,gskully6a@soundcloud.com
228,Yorker,Kirkman,2016-09-27,Male,ykirkman6b@ucsd.edu
229,Cacilie,MacKettrick,1963-11-21,Female,cmackettrick6c@nature.com
230,Taber,Guillart,1971-11-04,Male,tguillart6d@prnewswire.com
231,Zebedee,Cranmere,2008-08-13,Male,zcranmere6e@youtu.be
232,Dav,Macieja,1976-09-08,Male,dmacieja6f@upenn.edu
233,Tommie,Mc Combe,1986-03-22,Female,tmccombe6g@intel.com
234,Marty,Dron,1966-07-22,Female,mdron6h@biglobe.ne.jp
235,Ted,Anwyl,1989-11-11,Female,tanwyl6i@hud.gov
236,Prentiss,Ricciardello,1978-06-14,Male,pricciardello6j@reddit.com
237,Ailsun,MacNelly,1971-12-05,Female,amacnelly6k@nhs.uk
238,Bernie,Gorwood,2008-10-22,Female,bgorwood6l@cargocollective.com
239,Rob,Pedrick,1971-09-17,Male,rpedrick6m@cnn.com
240,Gigi,Ismail,1979-08-14,Female,gismail6n@digg.com
241,Marco,Huster,2016-10-02,Male,mhuster6o@theatlantic.com
242,Joel,Clemmey,1991-09-03,Male,jclemmey6p@telegraph.co.uk
243,Stu,Perello,2018-01-26,Male,sperello6q@nydailynews.com
244,Dulsea,MacKeller,1999-09-02,Female,dmackeller6r@squidoo.com
245,Warde,Shipway,2023-06-19,Male,wshipway6s@is.gd
246,Clemente,Mishaw,1979-10-19,Male,cmishaw6t@about.com
247,Aldo,Dayborne,2001-02-15,Male,adayborne6u@wunderground.com
248,Nanon,Moncey,2018-10-08,Female,nmoncey6v@webs.com
249,Debi,Autry,1962-08-29,Female,dautry6w@yahoo.co.jp
250,Cookie,Cluitt,1963-03-14,Female,ccluitt6x@pcworld.com
251,Jaime,Judkins,1995-03-18,Female,jjudkins6y@sitemeter.com
252,Teri,Carik,1992-03-11,Female,tcarik6z@nydailynews.com
253,Davon,Astlet,2009-09-20,Male,dastlet70@youku.com
254,Minne,Very,2013-11-01,Female,mvery71@weebly.com
255,Kalvin,Aldins,2015-02-18,Male,kaldins72@drupal.org
256,Stormi,Bargery,1986-12-20,Female,sbargery73@earthlink.net
257,Glen,Scurry,1984-12-13,Female,gscurry74@nasa.gov
258,Morrie,Vergine,2007-11-09,Male,mvergine75@hc360.com
259,Waiter,Shovel,1962-05-28,Male,wshovel76@squidoo.com
260,Patrizio,Rowlin,2014-11-18,Male,prowlin77@jiathis.com
261,Stacy,Boake,1974-12-22,Male,sboake78@discovery.com
262,Gleda,Moth,2013-05-16,Female,gmoth79@nifty.com
263,Carie,Gaukrodge,1970-04-27,Female,cgaukrodge7a@clickbank.net
264,Baxie,Searl,1976-06-03,Male,bsearl7b@smh.com.au
265,Joey,Plaster,2007-11-29,Female,jplaster7c@jugem.jp
266,Jaquenette,Babington,2008-01-11,Female,jbabington7d@prweb.com
267,Beck,Toulamain,1986-08-18,Male,btoulamain7e@jigsy.com
268,Dermot,Mungham,1962-01-22,Male,dmungham7f@skyrock.com
269,Zuzana,Wegner,1974-04-04,Female,zwegner7g@plala.or.jp
270,Josias,Instone,2018-11-26,Male,jinstone7h@fda.gov
271,Steven,Jirasek,1973-06-07,Male,sjirasek7i@latimes.com
272,Forest,Dionisetto,1982-04-06,Male,fdionisetto7j@odnoklassniki.ru
273,Odetta,Corteis,2022-10-26,Female,ocorteis7k@zimbio.com
274,Kurt,Shelly,2020-05-07,Male,kshelly7l@seesaa.net
275,Cliff,Baillie,2021-10-28,Male,cbaillie7m@cpanel.net
276,Rawley,Heams,1981-04-25,Male,rheams7n@cdc.gov
277,Orton,MacDuffie,2024-05-30,Male,omacduffie7o@craigslist.org
278,Priscilla,Sawday,1988-04-02,Female,psawday7p@ft.com
279,Zelda,Fishbourne,1966-04-02,Female,zfishbourne7q@jiathis.com
280,Silvester,Groarty,1995-03-06,Male,sgroarty7r@opera.com
281,Cash,Evesque,1996-12-23,Male,cevesque7s@360.cn
282,Wit,Rumble,2007-01-08,Male,wrumble7t@wikimedia.org
283,Scotti,Holgan,1973-05-26,Male,sholgan7u@loc.gov
284,Byrom,Simco,2017-01-31,Male,bsimco7v@marriott.com
285,Lars,Domengue,1969-10-13,Male,ldomengue7w@illinois.edu
286,Marthena,Sparey,1998-03-15,Female,msparey7x@eventbrite.com
287,Kevyn,Follos,2008-06-30,Female,kfollos7y@xing.com
288,Asa,Firman,2023-08-08,Male,afirman7z@bigcartel.com
289,Becki,Rolles,1970-05-30,Female,brolles80@woothemes.com
290,Timofei,Rayson,2003-08-27,Male,trayson81@amazon.co.jp
291,Bryanty,Poxon,1982-10-07,Male,bpoxon82@artisteer.com
292,Dieter,Rosenstock,1981-09-20,Male,drosenstock83@surveymonkey.com
293,Aaron,Le Galle,2017-03-27,Male,alegalle84@yahoo.co.jp
294,Gretchen,Burroughes,2005-09-03,Female,gburroughes85@eepurl.com
295,Conney,Warbrick,1991-05-23,Male,cwarbrick86@cdbaby.com
296,Tobias,Mulhall,1992-11-10,Male,tmulhall87@lycos.com
297,Alphonso,Hedling,2005-11-07,Male,ahedling88@shareasale.com
298,Sherrie,See,1965-11-14,Female,ssee89@geocities.com
299,Claudianus,Timblett,1979-09-25,Male,ctimblett8a@upenn.edu
300,Meryl,Ninnotti,1996-01-14,Female,mninnotti8b@goodreads.com
301,Nial,Russell,1962-07-16,Male,nrussell8c@gizmodo.com
302,Jaquelyn,Osborn,2005-12-20,Female,josborn8d@census.gov
303,Joachim,Seebright,2022-04-20,Male,jseebright8e@weebly.com
304,Tina,Pinchen,2020-05-22,Female,tpinchen8f@tumblr.com
305,Ailina,MacNeilage,2006-10-20,Female,amacneilage8g@google.com.br
306,Sanson,Chalmers,1977-12-31,Male,schalmers8h@bbc.co.uk
307,Hill,Waggatt,1988-12-05,Male,hwaggatt8i@biglobe.ne.jp
308,Onfroi,Cail,1988-08-14,Male,ocail8j@theguardian.com
309,Engelbert,Crottagh,2003-09-05,Male,ecrottagh8k@accuweather.com
310,Stevana,Bowcock,1960-07-09,Female,sbowcock8l@ustream.tv
311,Charleen,Eldered,2000-08-05,Female,celdered8m@hugedomains.com
312,Yardley,Fiddler,1977-05-10,Male,yfiddler8n@japanpost.jp
313,Rowena,Deeman,1990-06-11,Female,rdeeman8o@unesco.org
314,Jaymee,Seawell,1996-10-30,Female,jseawell8p@nbcnews.com
315,Didi,Lilloe,2010-08-26,Female,dlilloe8q@163.com
316,Alfredo,Cheley,2022-02-15,Male,acheley8r@mac.com
317,Fenelia,McParlin,2008-06-20,Female,fmcparlin8s@reference.com
318,Lauren,Dalton,1986-11-04,Male,ldalton8t@state.tx.us
319,Bambi,Bunch,2024-12-30,Female,bbunch8u@yolasite.com
320,Kristofer,Lugsdin,1979-10-16,Male,klugsdin8v@a8.net
321,Rahal,Kynman,2012-11-01,Female,rkynman8w@ask.com
322,Sigismundo,Pitkin,2017-02-16,Male,spitkin8x@businesswire.com
323,Addia,Giacopini,2023-01-22,Female,agiacopini8y@amazonaws.com
324,Blane,Cochern,1995-07-27,Male,bcochern8z@apache.org
325,Isador,Warland,2004-10-24,Male,iwarland90@tripadvisor.com
326,Lily,Sambiedge,1988-01-30,Female,lsambiedge91@hexun.com
327,Andree,Earney,1988-02-13,Female,aearney92@nih.gov
328,Abeu,Hedon,1998-02-13,Male,ahedon93@w3.org
329,Nanon,Ferretti,2015-02-09,Female,nferretti94@rakuten.co.jp
330,Fran,Feldstern,1992-12-31,Female,ffeldstern95@hibu.com
331,Gaven,Shann,1969-02-21,Male,gshann96@example.com
332,Antonius,Stoke,2018-05-31,Male,astoke97@cnbc.com
333,Elysha,Bottrill,1985-10-08,Female,ebottrill98@plala.or.jp
334,Kelila,Greenland,1994-08-02,Female,kgreenland99@mtv.com
335,Enrica,Custy,2006-02-13,Female,ecusty9a@tripadvisor.com
336,Ephraim,Keune,1968-11-07,Male,ekeune9b@timesonline.co.uk
337,Carolann,Horribine,1970-05-11,Female,chorribine9c@amazon.co.uk
338,Clary,Dunseath,1982-06-26,Female,cdunseath9d@dmoz.org
339,Shana,Ervine,2016-02-07,Female,servine9e@miibeian.gov.cn
340,Papageno,Moir,1980-05-03,Male,pmoir9f@photobucket.com
341,Marie-jeanne,Ilyuchyov,2017-03-30,Female,milyuchyov9g@tumblr.com
342,Corrine,Gley,1977-05-05,Female,cgley9h@gravatar.com
343,Idette,Cariss,1965-02-12,Female,icariss9i@auda.org.au
344,Ariadne,Landman,1968-11-25,Female,alandman9j@spiegel.de
345,Zachariah,Gowers,2002-12-05,Male,zgowers9k@cafepress.com
346,Jane,Saltern,2009-01-14,Female,jsaltern9l@redcross.org
347,Abbott,Crumbie,1973-01-15,Male,acrumbie9m@merriam-webster.com
348,Liva,Gibben,1966-09-01,Female,lgibben9n@prnewswire.com
349,Frank,Wyldbore,1999-10-07,Male,fwyldbore9o@dropbox.com
350,Dorian,Tomkowicz,2020-05-24,Female,dtomkowicz9p@chicagotribune.com
351,Myrtie,Levison,1995-09-08,Female,mlevison9q@ted.com
352,Sadella,Theurer,1992-05-26,Female,stheurer9r@home.pl
353,Jacquelin,Spears,2016-05-20,Female,jspears9s@nydailynews.com
354,Orran,Bearn,1970-12-21,Male,obearn9t@adobe.com
355,Leila,Luisetti,1992-09-02,Female,lluisetti9u@blogspot.com
356,Kizzie,Zaple,1970-01-14,Female,kzaple9v@hostgator.com
357,Ezekiel,Stennet,1983-10-27,Male,estennet9w@e-recht24.de
358,Ophelia,Berkley,1988-05-29,Female,oberkley9x@w3.org
359,Christa,Gentry,2020-12-06,Female,cgentry9y@google.nl
360,Kerk,Blazey,1989-11-08,Male,kblazey9z@plala.or.jp
361,Hannie,Lindsey,2023-05-05,Female,hlindseya0@scientificamerican.com
362,Cassi,Rawlings,1966-07-10,Female,crawlingsa1@accuweather.com
363,Aluin,Hibbart,1987-10-22,Male,ahibbarta2@hexun.com
364,Sholom,Cottisford,1974-07-20,Male,scottisforda3@telegraph.co.uk
365,Adrianna,Colthurst,1978-12-19,Female,acolthursta4@purevolume.com
366,Myrilla,Hollow,1992-02-18,Female,mhollowa5@mit.edu
367,Arte,Barstock,2017-07-29,Male,abarstocka6@sakura.ne.jp
368,Gabriele,Kruschev,2020-11-16,Male,gkruscheva7@cafepress.com
369,Lela,Harley,1996-07-17,Female,lharleya8@spiegel.de
370,Gal,Pharrow,1977-10-16,Male,gpharrowa9@jiathis.com
371,Rhodia,Boggish,2005-05-22,Female,rboggishaa@whitehouse.gov
372,Dougy,Silveston,2023-01-06,Male,dsilvestonab@stanford.edu
373,Mathian,Liquorish,1990-12-26,Male,mliquorishac@shop-pro.jp
374,Alameda,Luxton,1970-06-17,Female,aluxtonad@odnoklassniki.ru
375,Maiga,Beazley,2003-10-14,Female,mbeazleyae@soundcloud.com
376,Cullin,Firebrace,2016-11-08,Male,cfirebraceaf@meetup.com
377,Lorene,Mecozzi,1974-12-17,Female,lmecozziag@rediff.com
378,Ky,Brosch,2004-03-13,Male,kbroschah@stanford.edu
379,Bordie,Salman,2023-12-09,Male,bsalmanai@is.gd
380,Mona,Farries,2000-08-06,Female,mfarriesaj@webmd.com
381,Erl,Finnie,1984-07-17,Male,efinnieak@facebook.com
382,Randy,Rainton,1969-06-03,Female,rraintonal@cbc.ca
383,Jefferey,Campagne,1977-06-24,Male,jcampagneam@bloglovin.com
384,Udall,Matzkaitis,2016-10-03,Male,umatzkaitisan@shop-pro.jp
385,Munroe,Borzone,1967-02-28,Male,mborzoneao@myspace.com
386,Fredelia,Duran,1982-10-31,Female,fduranap@woothemes.com
387,Baldwin,Montacute,1990-03-26,Male,bmontacuteaq@alibaba.com
388,Tracy,Melior,1991-05-12,Male,tmeliorar@marriott.com
389,Nydia,Bierton,2017-05-08,Female,nbiertonas@squarespace.com
390,Mei,Dinesen,1972-05-01,Female,mdinesenat@discovery.com
391,Jesselyn,Firmin,2003-05-25,Female,jfirminau@homestead.com
392,Ame,Jacqueminot,2024-04-08,Female,ajacqueminotav@wufoo.com
393,Datha,Kincla,1967-10-27,Female,dkinclaaw@tamu.edu
394,Matti,Rankling,2015-12-28,Female,mranklingax@baidu.com
395,Kiel,Petrenko,1997-12-23,Male,kpetrenkoay@weibo.com
396,Rabi,Elcombe,2015-03-27,Male,relcombeaz@craigslist.org
397,Isidro,Tew,1969-06-24,Male,itewb0@dropbox.com
398,Joanna,Skiplorne,1982-01-23,Female,jskiplorneb1@discovery.com
399,Claudelle,Vasilkov,1990-08-24,Female,cvasilkovb2@jugem.jp
400,Stevy,Seignior,1977-02-18,Male,sseigniorb3@forbes.com
401,Jacquelin,Gronou,1977-08-20,Female,jgronoub4@hatena.ne.jp
402,Erna,Fishleigh,1989-04-12,Female,efishleighb5@walmart.com
403,Alejoa,Brandes,1962-01-04,Male,abrandesb6@cnet.com
404,Corrie,Puller,1978-07-24,Female,cpullerb7@hao123.com
405,Maurizio,Morena,1993-12-30,Male,mmorenab8@ning.com
406,Andi,Denerley,2007-02-16,Female,adenerleyb9@dagondesign.com
407,Kerrill,Camoletto,1987-01-31,Female,kcamolettoba@alexa.com
408,Frederik,Gorgl,1961-09-24,Male,fgorglbb@imageshack.us
409,Saudra,Westhead,2016-11-28,Female,swestheadbc@nymag.com
410,Dirk,Dumbare,2014-12-05,Male,ddumbarebd@washington.edu
411,Reggi,Larciere,1979-09-04,Female,rlarcierebe@bloglines.com
412,Demetris,Teager,1995-06-13,Male,dteagerbf@scientificamerican.com
413,Ali,Ather,1996-07-16,Male,aatherbg@webnode.com
414,Fritz,Hamblington,1979-06-06,Male,fhamblingtonbh@bbb.org
415,Darrin,Ransome,2013-04-17,Male,dransomebi@japanpost.jp
416,Ellery,Bracknall,2004-12-14,Male,ebracknallbj@tinypic.com
417,Jeni,Worsalls,1993-02-02,Female,jworsallsbk@epa.gov
418,Byrom,Filpo,1995-06-29,Male,bfilpobl@biglobe.ne.jp
419,Conney,Teape,1986-11-22,Male,cteapebm@yellowpages.com
420,Giorgi,Betchley,1985-11-14,Male,gbetchleybn@ezinearticles.com
421,Rivy,Ladbury,2000-07-31,Female,rladburybo@icq.com
422,Willi,Schimonek,1965-09-24,Female,wschimonekbp@springer.com
423,Stoddard,Derill,1998-04-07,Female,sderillbq@163.com
424,Shalom,Ianilli,2004-09-24,Male,sianillibr@bloglines.com
425,Bethina,Spackman,2013-02-03,Female,bspackmanbs@photobucket.com
426,Alina,Pounder,2017-04-30,Female,apounderbt@wufoo.com
427,Erny,Sharrocks,2016-09-22,Male,esharrocksbu@edublogs.org
428,Lindsay,Freddi,2011-07-01,Female,lfreddibv@godaddy.com
429,Titus,Bolden,2009-12-22,Male,tboldenbw@51.la
430,Hastings,Oller,2004-08-02,Male,hollerbx@goodreads.com
431,Tansy,Archell,1983-05-11,Female,tarchellby@nhs.uk
432,Borden,Smeath,1978-10-02,Male,bsmeathbz@freewebs.com
433,Druci,Scholtis,2003-04-28,Female,dscholtisc0@psu.edu
434,Carmen,Cleminson,1984-12-22,Female,ccleminsonc1@thetimes.co.uk
435,Henri,Kennewell,2017-04-25,Male,hkennewellc2@chron.com
436,Bambi,Messer,1981-08-10,Female,bmesserc3@oaic.gov.au
437,Hinze,Eilert,1971-12-14,Male,heilertc4@fastcompany.com
438,Brenda,Allenson,2017-02-05,Female,ballensonc5@histats.com
439,Meaghan,Crysell,2009-12-09,Female,mcrysellc6@bizjournals.com
440,Brittan,Jacqueme,2004-06-16,Female,bjacquemec7@lycos.com
441,Teriann,Bisatt,1975-07-02,Female,tbisattc8@cpanel.net
442,Mair,Handsheart,1967-03-19,Female,mhandsheartc9@nbcnews.com
443,Hilly,Ewbanck,1992-10-24,Male,hewbanckca@google.com.au
444,Kimbell,Maffetti,2012-03-19,Male,kmaffetticb@ovh.net
445,Emerson,Simonini,2012-08-02,Male,esimoninicc@ox.ac.uk
446,Beverlee,Segebrecht,2004-08-15,Female,bsegebrechtcd@infoseek.co.jp
447,Feodora,Finan,1984-08-05,Female,ffinance@virginia.edu
448,Leigha,Cluff,1981-02-18,Female,lcluffcf@samsung.com
449,Deane,Vahl,2013-10-29,Female,dvahlcg@slashdot.org
450,Lorrie,Reburn,2011-07-06,Female,lreburnch@wired.com
451,Edi,Woodall,1961-05-04,Female,ewoodallci@europa.eu
452,Gerrie,Smithe,1963-06-18,Male,gsmithecj@comsenz.com
453,Nevins,Haken,2007-04-27,Male,nhakenck@goo.ne.jp
454,Alexandra,Royston,2012-11-25,Female,aroystoncl@ow.ly
455,Kristos,Seckom,1963-11-01,Male,kseckomcm@walmart.com
456,Alano,Dubber,1969-05-07,Male,adubbercn@last.fm
457,Taite,Bonwell,1996-08-30,Male,tbonwellco@europa.eu
458,Dalila,Filyakov,1989-06-24,Female,dfilyakovcp@godaddy.com
459,Rudie,Heintsch,2010-01-14,Male,rheintschcq@samsung.com
460,Martita,Josham,2001-03-05,Female,mjoshamcr@networksolutions.com
461,Ginger,Rushsorth,2010-05-04,Male,grushsorthcs@so-net.ne.jp
462,Hollie,Castle,1987-03-26,Female,hcastlect@apple.com
463,Layney,Liston,1981-08-01,Female,llistoncu@sfgate.com
464,Janifer,Everett,1969-02-20,Female,jeverettcv@google.com.hk
465,Krystal,Dowker,1987-06-11,Female,kdowkercw@tinypic.com
466,Skip,Gutcher,2018-06-13,Male,sgutchercx@timesonline.co.uk
467,Alex,Freiburger,1976-04-04,Female,afreiburgercy@cbslocal.com
468,Griswold,Lacasa,2025-02-26,Male,glacasacz@linkedin.com
469,Joete,Carnalan,2012-10-19,Female,jcarnaland0@ustream.tv
470,Selestina,Heavyside,1994-12-23,Female,sheavysided1@geocities.jp
471,Upton,Angeli,1998-04-07,Male,uangelid2@pbs.org
472,Adolpho,Patriche,2019-11-02,Male,apatriched3@blog.com
473,Thorn,Hourahan,2008-11-28,Male,thourahand4@state.tx.us
474,Elfrieda,Vest,1966-05-27,Female,evestd5@etsy.com
475,Kahaleel,Cattach,1967-01-14,Male,kcattachd6@deviantart.com
476,Gabbie,Dorre,2011-01-12,Female,gdorred7@java.com
477,Connie,Clint,1981-11-29,Male,cclintd8@prweb.com
478,Constantin,Gooderridge,1980-06-01,Male,cgooderridged9@topsy.com
479,Enos,Happert,1973-12-30,Male,ehappertda@abc.net.au
480,Elfrida,Becke,2018-05-31,Female,ebeckedb@jalbum.net
481,Nicky,O'Bradden,2005-10-07,Female,nobraddendc@vimeo.com
482,Kennan,Dulanty,1999-07-13,Male,kdulantydd@bigcartel.com
483,Etti,MacRury,1977-06-21,Female,emacruryde@about.com
484,Jamie,Toun,1979-06-14,Male,jtoundf@usa.gov
485,Tabbatha,Stockin,1997-03-14,Female,tstockindg@cdc.gov
486,Opalina,Lark,2019-04-15,Female,olarkdh@so-net.ne.jp
487,Terrell,Stoyell,2010-01-16,Male,tstoyelldi@squidoo.com
488,Boonie,Kayne,2006-01-01,Male,bkaynedj@reference.com
489,Reynard,Colthard,1983-01-10,Male,rcoltharddk@nsw.gov.au
490,Russell,Macvain,1998-08-16,Male,rmacvaindl@istockphoto.com
491,Dane,Clampe,1964-06-28,Male,dclampedm@huffingtonpost.com
492,Mandie,Morat,1992-10-07,Female,mmoratdn@gmpg.org
493,Anatollo,Bisatt,2002-06-12,Male,abisattdo@tinypic.com
494,Ray,Cartin,2006-08-25,Female,rcartindp@zimbio.com
495,Archambault,Petrus,1997-08-15,Male,apetrusdq@yelp.com
496,Kay,Flanigan,2021-02-04,Female,kflanigandr@statcounter.com
497,Pacorro,Rumsey,2007-11-16,Male,prumseyds@behance.net
498,Ninette,Sleight,1967-08-19,Female,nsleightdt@addtoany.com
499,Jermain,Norvill,1986-07-22,Male,jnorvilldu@cnbc.com
500,Xenia,Dye,2016-08-19,Female,xdyedv@privacy.gov.au
501,Ariadne,Fairholme,1979-11-06,Female,afairholmedw@ucla.edu
502,Goran,Goodlett,2018-10-18,Male,ggoodlettdx@tripod.com
503,Orly,Mincher,2013-11-22,Female,omincherdy@miitbeian.gov.cn
504,Fayina,Haisell,2024-05-20,Female,fhaiselldz@photobucket.com
505,Noellyn,Tong,1994-11-12,Female,ntonge0@symantec.com
506,Tynan,Line,1969-04-14,Male,tlinee1@deviantart.com
507,Camey,Teresa,1976-05-24,Male,cteresae2@slashdot.org
508,Deni,Farrens,1998-07-10,Female,dfarrense3@printfriendly.com
509,Pat,Crowley,1999-08-02,Female,pcrowleye4@paginegialle.it
510,Windham,Graveson,2000-01-19,Male,wgravesone5@nydailynews.com
511,Hewie,Lucian,2005-10-15,Male,hluciane6@loc.gov
512,Mirelle,Edleston,2018-08-14,Female,medlestone7@bloomberg.com
513,Clarine,Reder,2003-05-15,Female,credere8@statcounter.com
514,Herc,Troni,2023-10-08,Male,htronie9@dailymotion.com
515,Antonia,Dolling,1983-09-07,Female,adollingea@cargocollective.com
516,Lauralee,Monteith,2010-10-30,Female,lmonteitheb@quantcast.com
517,Lavena,Petofi,2018-10-17,Female,lpetofiec@chronoengine.com
518,Nerita,Cardoe,1977-11-27,Female,ncardoeed@360.cn
519,Cy,Kohneke,1986-01-18,Male,ckohnekeee@blogs.com
520,Faythe,McCarver,1993-11-06,Female,fmccarveref@youku.com
521,Lombard,Blench,2016-06-29,Male,lblencheg@github.com
522,Jolynn,Critchley,1996-06-04,Female,jcritchleyeh@list-manage.com
523,Ibbie,Tregunnah,2015-02-24,Female,itregunnahei@fema.gov
524,Elita,Clare,1968-07-23,Female,eclareej@comcast.net
525,Brietta,McCray,2021-03-03,Female,bmccrayek@prnewswire.com
526,Berti,Tumulty,1975-05-13,Female,btumultyel@sciencedaily.com
527,Pepillo,Secret,1984-02-19,Male,psecretem@goo.ne.jp
528,Alena,Lugard,1995-10-23,Female,alugarden@theglobeandmail.com
529,Avis,Beacham,2021-10-17,Female,abeachameo@reddit.com
530,Alric,Thunders,1981-11-04,Male,athundersep@sakura.ne.jp
531,Adelaide,Barter,2009-07-31,Female,abartereq@tmall.com
532,Flynn,Murray,1999-04-07,Male,fmurrayer@networksolutions.com
533,Reece,Barhem,1969-07-31,Male,rbarhemes@examiner.com
534,Nomi,Dupre,1984-01-23,Female,ndupreet@slate.com
535,Pauletta,Bernardotti,2008-09-17,Female,pbernardottieu@youtu.be
536,Christan,Whopples,2018-10-09,Female,cwhopplesev@seesaa.net
537,Ki,Bullion,1998-01-07,Female,kbullionew@indiegogo.com
538,Marje,Jonuzi,2021-12-14,Female,mjonuziex@apache.org
539,Cary,Cawston,1962-08-15,Female,ccawstoney@blogtalkradio.com
540,Thomasin,Marson,1982-04-13,Female,tmarsonez@google.it
541,Enid,Shepard,1962-12-28,Female,eshepardf0@vkontakte.ru
542,Margit,Bourgaize,2014-10-22,Female,mbourgaizef1@people.com.cn
543,Jeremy,Thynn,2009-06-28,Male,jthynnf2@bizjournals.com
544,Risa,Keyser,1976-04-30,Female,rkeyserf3@xing.com
545,Douglas,Moseley,1960-09-09,Male,dmoseleyf4@go.com
546,Audry,Lipgens,2016-08-25,Female,alipgensf5@tripod.com
547,Marj,Lukasik,1984-09-07,Female,mlukasikf6@cyberchimps.com
548,Gerri,Crowther,2001-02-02,Female,gcrowtherf7@ihg.com
549,Wilmette,Crystal,2011-10-27,Female,wcrystalf8@salon.com
550,Inglis,Lys,1964-11-08,Male,ilysf9@theguardian.com
551,Grata,Yven,2007-05-14,Female,gyvenfa@privacy.gov.au
552,Zachariah,Badcock,1967-04-21,Male,zbadcockfb@topsy.com
553,Conroy,Gleeson,1961-09-05,Male,cgleesonfc@liveinternet.ru
554,Nomi,Harflete,1967-07-21,Female,nharfletefd@howstuffworks.com
555,Evangelina,Smogur,2005-03-12,Female,esmogurfe@squidoo.com
556,Rodolfo,Challinor,1984-01-25,Male,rchallinorff@businessweek.com
557,Amalea,Sagerson,1965-09-11,Female,asagersonfg@zdnet.com
558,Patric,Prestie,1983-05-13,Male,pprestiefh@berkeley.edu
559,Scotti,Dupree,1974-01-13,Male,sdupreefi@mediafire.com
560,Ulysses,Beales,1974-03-07,Male,ubealesfj@sbwire.com
561,Bamby,Heild,1965-08-26,Female,bheildfk@mac.com
562,Lotty,Brandenburg,2008-03-27,Female,lbrandenburgfl@eventbrite.com
563,Garold,Pattemore,2013-01-12,Male,gpattemorefm@blinklist.com
564,Harry,Scotchmoor,2011-08-13,Male,hscotchmoorfn@time.com
565,Tomasina,Pentelow,2013-04-22,Female,tpentelowfo@mysql.com
566,Vite,Easum,1963-04-16,Male,veasumfp@wikispaces.com
567,Cody,Pedersen,2018-04-21,Male,cpedersenfq@adobe.com
568,Kippie,Laskey,2020-04-17,Male,klaskeyfr@squidoo.com
569,Tommy,Mabbett,1992-02-02,Male,tmabbettfs@rakuten.co.jp
570,Hali,Deniskevich,1992-07-27,Female,hdeniskevichft@squarespace.com
571,Kendre,Tinniswood,1985-12-21,Female,ktinniswoodfu@tiny.cc
572,Carlin,Mease,2022-04-23,Female,cmeasefv@hatena.ne.jp
573,Thom,Willcox,1988-09-25,Male,twillcoxfw@slideshare.net
574,Killie,Sands-Allan,1967-10-20,Male,ksandsallanfx@oracle.com
575,Worden,Yurocjhin,1987-04-09,Male,wyurocjhinfy@oracle.com
576,Kaleena,Jancy,1996-12-24,Female,kjancyfz@opensource.org
577,Winnie,Ferroli,1995-06-24,Male,wferrolig0@intel.com
578,Cos,Prewett,1975-01-06,Male,cprewettg1@illinois.edu
579,Elysee,Issacov,1997-07-09,Female,eissacovg2@friendfeed.com
580,Carolus,Stroobant,1988-06-01,Male,cstroobantg3@nps.gov
581,Yancy,Shipsey,1964-09-21,Male,yshipseyg4@slate.com
582,Clint,Muddiman,1998-01-07,Male,cmuddimang5@cbc.ca
583,Corrie,Earwaker,1971-02-08,Male,cearwakerg6@utexas.edu
584,Lesli,Farfolomeev,1987-03-27,Female,lfarfolomeevg7@hostgator.com
585,Morganica,Mossbee,1977-11-25,Female,mmossbeeg8@irs.gov
586,Aurelie,Casa,1960-12-24,Female,acasag9@ft.com
587,Fields,Polo,2023-05-16,Male,fpologa@cnet.com
588,Killie,Gittens,1999-06-04,Male,kgittensgb@dell.com
589,Mohammed,Cottle,1966-03-29,Male,mcottlegc@umn.edu
590,Terri,Ferrettini,1970-08-21,Male,tferrettinigd@forbes.com
591,Petronia,Brunnstein,2025-02-14,Female,pbrunnsteinge@timesonline.co.uk
592,Garald,Oboy,2018-04-02,Male,goboygf@diigo.com
593,Kippy,Keeble,2014-11-04,Male,kkeeblegg@symantec.com
594,Cleve,Cornillot,1977-01-02,Male,ccornillotgh@webmd.com
595,Ozzie,Brecon,1966-05-03,Male,obrecongi@netlog.com
596,Dierdre,Melia,1981-12-09,Female,dmeliagj@usa.gov
597,Bessie,Quakley,1998-12-02,Female,bquakleygk@rediff.com
598,Darrell,Hallyburton,1974-11-01,Male,dhallyburtongl@webmd.com
599,Melony,Basden,2019-06-29,Female,mbasdengm@biblegateway.com
600,Abdul,Ethersey,2011-05-29,Male,aetherseygn@list-manage.com
601,Findlay,Scottini,2024-09-01,Male,fscottinigo@plala.or.jp
602,Ed,Hebdon,1991-10-27,Male,ehebdongp@vistaprint.com
603,Cosme,Warbrick,1961-04-29,Male,cwarbrickgq@ucoz.ru
604,Jared,Flanaghan,1964-12-01,Male,jflanaghangr@indiatimes.com
605,Beverlee,Alelsandrovich,2014-03-07,Female,balelsandrovichgs@sbwire.com
606,Vicki,Abeles,1998-09-28,Female,vabelesgt@jimdo.com
607,Thorvald,Donoher,2023-12-02,Male,tdonohergu@gov.uk
608,Eugenio,Bassett,2000-08-04,Male,ebassettgv@mac.com
609,Winnie,McCumesky,2003-01-23,Male,wmccumeskygw@va.gov
610,Stillmann,Fancutt,2007-11-07,Male,sfancuttgx@geocities.jp
611,Ashil,Erik,1994-10-26,Female,aerikgy@ibm.com
612,Devan,McKenzie,2002-05-18,Female,dmckenziegz@edublogs.org
613,Bernardo,Chantillon,1998-03-21,Male,bchantillonh0@omniture.com
614,Carmelina,Drinnan,1988-09-07,Female,cdrinnanh1@state.gov
615,Loutitia,Braidwood,1999-02-09,Female,lbraidwoodh2@reddit.com
616,Tommie,Korpolak,2005-10-21,Female,tkorpolakh3@mapquest.com
617,Roanne,Ferriman,1963-03-05,Female,rferrimanh4@gov.uk
618,Nydia,Trayhorn,1987-03-13,Female,ntrayhornh5@youtube.com
619,Salvidor,Alpe,2006-10-12,Male,salpeh6@shareasale.com
620,Pepillo,O'Hannigan,2001-06-26,Male,pohanniganh7@chron.com
621,Franky,Chew,1969-09-03,Male,fchewh8@state.tx.us
622,Corinne,Stephens,1980-01-22,Female,cstephensh9@ft.com
623,Will,Corzon,1989-04-23,Male,wcorzonha@answers.com
624,Melly,Coffee,2010-05-24,Female,mcoffeehb@photobucket.com
625,Gareth,Hadigate,2024-03-23,Male,ghadigatehc@goo.ne.jp
626,Flossy,Longmaid,1987-04-23,Female,flongmaidhd@springer.com
627,Howard,Lead,1980-10-24,Male,hleadhe@house.gov
628,Padraig,Winchcombe,1999-11-11,Male,pwinchcombehf@bloglovin.com
629,Benjie,Fasler,1983-09-29,Male,bfaslerhg@mit.edu
630,Caryl,Weadick,1993-09-27,Male,cweadickhh@yellowpages.com
631,Chas,Kitley,2012-11-06,Male,ckitleyhi@friendfeed.com
632,Jordanna,Sabates,1962-05-06,Female,jsabateshj@flavors.me
633,Prescott,Kingaby,2019-11-06,Male,pkingabyhk@e-recht24.de
634,Keefe,Lagneaux,1986-08-25,Male,klagneauxhl@skyrock.com
635,Marsiella,Schwaiger,1969-03-09,Female,mschwaigerhm@vimeo.com
636,Launce,MacVean,1982-04-25,Male,lmacveanhn@reuters.com
637,Burch,MacSharry,2023-10-30,Male,bmacsharryho@nifty.com
638,Barth,MacNeil,2013-09-14,Male,bmacneilhp@friendfeed.com
639,Cordie,Roden,1977-09-18,Male,crodenhq@fema.gov
640,Avigdor,Hearons,1968-06-01,Male,ahearonshr@opera.com
641,Vivia,Jouhan,1988-03-06,Female,vjouhanhs@eventbrite.com
642,Tani,McKinnon,1969-08-01,Female,tmckinnonht@businesswire.com
643,Bryanty,Sobtka,1976-08-18,Male,bsobtkahu@sakura.ne.jp
644,Nick,Rawlyns,1996-05-27,Male,nrawlynshv@1und1.de
645,Keir,Balhatchet,1982-01-03,Male,kbalhatchethw@yellowbook.com
646,Uta,Chasmor,2013-01-21,Female,uchasmorhx@paginegialle.it
647,Reg,Hasselby,1976-12-20,Male,rhasselbyhy@irs.gov
648,Maiga,Skilton,1973-12-29,Female,mskiltonhz@weather.com
649,Karlik,Medlar,1999-08-08,Male,kmedlari0@google.de
650,Rudd,Crawforth,1975-01-04,Male,rcrawforthi1@miitbeian.gov.cn
651,Jaimie,Stivers,1964-08-11,Female,jstiversi2@nps.gov
652,Alan,Husk,1981-08-25,Male,ahuski3@netlog.com
653,Lusa,Spincks,2012-04-06,Female,lspincksi4@devhub.com
654,Sargent,Kuschek,2000-01-13,Male,skuscheki5@mediafire.com
655,Mahalia,Lembke,1974-01-10,Female,mlembkei6@google.com.hk
656,Iormina,Barsham,1972-06-08,Female,ibarshami7@histats.com
657,Frasquito,Venditto,2001-04-04,Male,fvendittoi8@abc.net.au
658,Haskell,Schulze,1989-11-28,Male,hschulzei9@nature.com
659,Lillian,Cacacie,1972-02-06,Female,lcacacieia@mapy.cz
660,Stacy,Stait,1983-12-18,Female,sstaitib@nifty.com
661,Jessee,Woolager,2021-05-21,Male,jwoolageric@globo.com
662,Bari,Woodcock,1998-10-26,Female,bwoodcockid@webnode.com
663,Amby,Rapelli,1998-02-07,Male,arapelliie@technorati.com
664,My,Sibborn,2002-09-22,Male,msibbornif@multiply.com
665,Ezri,Grzegorek,2016-01-15,Male,egrzegorekig@unicef.org
666,Bari,Pither,2009-12-25,Female,bpitherih@un.org
667,Silvie,Dobell,1987-06-17,Female,sdobellii@senate.gov
668,Alix,Tuminelli,2002-08-30,Female,atuminelliij@sohu.com
669,Lyndsay,Rappa,1979-11-03,Female,lrappaik@amazon.de
670,Krisha,Laba,1985-04-23,Male,klabail@macromedia.com
671,Janeen,Slobom,1996-05-24,Female,jslobomim@prnewswire.com
672,Freeman,Gier,1973-07-15,Male,fgierin@economist.com
673,Bernice,Culwen,1990-04-17,Female,bculwenio@creativecommons.org
674,Sigmund,Phillippo,2021-11-21,Male,sphillippoip@cam.ac.uk
675,Joey,Domotor,2008-04-05,Male,jdomotoriq@eepurl.com
676,Myrwyn,Heinke,1961-12-07,Male,mheinkeir@state.gov
677,Tasia,Dudbridge,2000-10-17,Female,tdudbridgeis@vistaprint.com
678,Pavia,Goudge,2012-08-28,Female,pgoudgeit@fc2.com
679,Delcina,Pollicott,1978-05-26,Female,dpollicottiu@technorati.com
680,Nickola,Lease,1999-05-24,Male,nleaseiv@hostgator.com
681,Wendell,Cowden,1983-01-03,Male,wcowdeniw@merriam-webster.com
682,Tobias,Maplestone,2025-03-27,Male,tmaplestoneix@printfriendly.com
683,Honey,Hartell,1981-10-03,Female,hhartelliy@instagram.com
684,Carolus,Pinch,2018-09-26,Male,cpinchiz@dropbox.com
685,Peggi,Schulken,1979-05-14,Female,pschulkenj0@google.ca
686,Alastair,Furphy,2001-05-04,Male,afurphyj1@wsj.com
687,Ashli,Czajkowska,2019-09-14,Female,aczajkowskaj2@opera.com
688,Constancy,Syphus,1975-08-16,Female,csyphusj3@hao123.com
689,Gerta,Day,1999-11-14,Female,gdayj4@opera.com
690,Torry,Lebang,1973-10-02,Male,tlebangj5@techcrunch.com
691,Corbie,Ruffli,2025-01-24,Male,crufflij6@goodreads.com
692,Karleen,Juden,2001-04-10,Female,kjudenj7@psu.edu
693,Shelli,Willeman,1968-01-21,Female,swillemanj8@pagesperso-orange.fr
694,Arie,Stallan,1995-10-03,Male,astallanj9@shinystat.com
695,Nial,Fourcade,1972-11-13,Male,nfourcadeja@tinypic.com
696,Clerkclaude,Chamberlen,1971-11-01,Male,cchamberlenjb@amazonaws.com
697,Antonius,Bisseker,2014-07-11,Male,abissekerjc@ibm.com
698,Meggi,Rizzone,2011-06-26,Female,mrizzonejd@msn.com
699,Genovera,Maydwell,1960-07-19,Female,gmaydwellje@edublogs.org
700,Rebecka,Ubsdell,2004-05-04,Female,rubsdelljf@huffingtonpost.com
701,Giorgio,Juster,1994-06-24,Male,gjusterjg@dropbox.com
702,Rudyard,Challoner,1977-08-21,Male,rchallonerjh@ucsd.edu
703,Jon,Randals,1979-08-15,Male,jrandalsji@cmu.edu
704,Emanuel,Danihelka,1966-04-27,Male,edanihelkajj@csmonitor.com
705,Adriana,Ickovitz,2000-03-20,Female,aickovitzjk@cnet.com
706,Pamelina,Letrange,2019-04-22,Female,pletrangejl@chronoengine.com
707,Whitman,Dockree,1969-11-13,Male,wdockreejm@nytimes.com
708,Fonsie,Burde,1967-10-12,Male,fburdejn@angelfire.com
709,Aurelie,Shill,2023-05-21,Female,ashilljo@mozilla.org
710,Morena,Wych,2020-10-17,Female,mwychjp@weibo.com
711,Krystalle,Whatley,1963-09-15,Female,kwhatleyjq@google.co.jp
712,Ab,Betham,1972-09-03,Male,abethamjr@free.fr
713,Ashli,Bending,1981-05-15,Female,abendingjs@howstuffworks.com
714,Marisa,Frill,1985-12-11,Female,mfrilljt@dropbox.com
715,Grover,Sifleet,2017-03-17,Male,gsifleetju@youku.com
716,Rozella,Cudbird,1973-07-17,Female,rcudbirdjv@google.de
717,Rozalie,Di Biasio,1962-07-19,Female,rdibiasiojw@prlog.org
718,Rockie,Colliber,1960-12-11,Male,rcolliberjx@oakley.com
719,Maryl,Telling,1963-03-10,Female,mtellingjy@xrea.com
720,Clarinda,Britten,1996-07-23,Female,cbrittenjz@i2i.jp
721,Jeth,Rowney,2017-10-06,Male,jrowneyk0@zimbio.com
722,Eli,Enos,1977-04-14,Male,eenosk1@multiply.com
723,Marysa,Mawhinney,1964-07-06,Female,mmawhinneyk2@blogs.com
724,Joey,Parker,1972-09-18,Female,jparkerk3@macromedia.com
725,Hirsch,Fleckness,1961-01-29,Male,hflecknessk4@about.me
726,Connor,Treadaway,1962-02-26,Male,ctreadawayk5@omniture.com
727,Felic,Grinyov,2022-12-08,Male,fgrinyovk6@sogou.com
728,Paco,Jarville,2004-03-02,Male,pjarvillek7@etsy.com
729,Leanor,Long,1994-11-27,Female,llongk8@webmd.com
730,Hubert,Mattack,1998-07-27,Male,hmattackk9@huffingtonpost.com
731,Culver,Lanahan,1962-06-23,Male,clanahanka@i2i.jp
732,Bendix,Pamment,1990-12-04,Male,bpammentkb@artisteer.com
733,Gan,Gerty,1967-02-02,Male,ggertykc@microsoft.com
734,Sibyl,Hardeman,1960-07-20,Male,shardemankd@google.de
735,Tonya,Eggleston,1992-10-02,Female,tegglestonke@vinaora.com
736,Robbert,Assante,2010-03-15,Male,rassantekf@deliciousdays.com
737,Kettie,Le Surf,1989-07-07,Female,klesurfkg@statcounter.com
738,Aldo,Pury,2006-08-08,Male,apurykh@skyrock.com
739,Berny,Kosiada,1960-12-19,Female,bkosiadaki@amazon.co.jp
740,Danika,Gallihawk,1984-07-21,Female,dgallihawkkj@ft.com
741,Darbie,Radish,2010-11-26,Female,dradishkk@narod.ru
742,Natty,Bilton,2018-04-06,Female,nbiltonkl@usatoday.com
743,Joane,Simononsky,1983-05-24,Female,jsimononskykm@bbb.org
744,Galen,McGettigan,2006-01-06,Male,gmcgettigankn@netscape.com
745,Hurlee,Hindsberg,2007-01-05,Male,hhindsbergko@360.cn
746,Carny,Le Teve,2005-12-15,Male,cletevekp@newyorker.com
747,Evie,Disbrow,1981-02-01,Female,edisbrowkq@mac.com
748,Kattie,Lambkin,1971-12-12,Female,klambkinkr@canalblog.com
749,Ailsun,Salzberger,1994-09-03,Female,asalzbergerks@intel.com
750,Davie,Sauven,2005-04-05,Male,dsauvenkt@hud.gov
751,Alayne,Hissett,1985-06-16,Female,ahissettku@home.pl
752,Courtenay,Guidera,1972-11-10,Female,cguiderakv@nba.com
753,Diego,Mayhow,2016-07-07,Male,dmayhowkw@bing.com
754,Merla,Smallcomb,1972-11-24,Female,msmallcombkx@army.mil
755,Mariellen,Rydzynski,1971-08-28,Female,mrydzynskiky@tripod.com
756,Moll,Gobbett,1996-11-27,Female,mgobbettkz@pagesperso-orange.fr
757,Elianore,Godilington,1968-04-19,Female,egodilingtonl0@walmart.com
758,Dee,Farry,1991-10-02,Female,dfarryl1@abc.net.au
759,Gillie,MacComiskey,1963-06-30,Female,gmaccomiskeyl2@prlog.org
760,Kaela,Cresser,2021-11-12,Female,kcresserl3@123-reg.co.uk
761,Amanda,Beckham,2008-11-15,Female,abeckhaml4@patch.com
762,Roxana,Cornelis,1960-06-23,Female,rcornelisl5@sitemeter.com
763,Lucais,Purtell,1992-05-21,Male,lpurtelll6@plala.or.jp
764,Carrol,Weekes,1998-10-29,Male,cweekesl7@microsoft.com
765,Ruy,Dmitrievski,1984-06-19,Male,rdmitrievskil8@163.com
766,Odelia,Wemes,1996-12-04,Female,owemesl9@flavors.me
767,Waylon,Ferber,1999-11-01,Male,wferberla@exblog.jp
768,Pincus,Gawkroge,2020-02-04,Male,pgawkrogelb@mtv.com
769,Wildon,Fell,1966-12-09,Male,wfelllc@independent.co.uk
770,Seamus,Baumler,1996-10-07,Male,sbaumlerld@hc360.com
771,Stevena,Benger,1993-06-14,Female,sbengerle@vistaprint.com
772,Kort,Laundon,2008-08-05,Male,klaundonlf@dailymotion.com
773,Othilia,Marcu,1984-02-03,Female,omarculg@fda.gov
774,Tilly,Skottle,1974-04-02,Female,tskottlelh@shareasale.com
775,Nial,MacCarrane,2000-09-19,Male,nmaccarraneli@timesonline.co.uk
776,Daphene,Datte,1995-04-01,Female,ddattelj@mashable.com
777,Kerrin,Seviour,1985-04-23,Female,kseviourlk@upenn.edu
778,Fiorenze,Goulthorp,1996-01-19,Female,fgoulthorpll@cnbc.com
779,Arden,McCrisken,1968-12-06,Female,amccriskenlm@php.net
780,Chloris,Cowell,1998-08-20,Female,ccowellln@hp.com
781,Dawn,McCarthy,1973-07-30,Female,dmccarthylo@cpanel.net
782,Phil,Annion,1990-06-11,Male,pannionlp@cbslocal.com
783,Orland,Robuchon,2014-06-27,Male,orobuchonlq@ca.gov
784,Chrystel,Manhood,1969-07-06,Female,cmanhoodlr@cbslocal.com
785,Trina,Crayden,1978-06-21,Female,tcraydenls@gmpg.org
786,Lamond,Dozdill,1989-02-19,Male,ldozdilllt@wordpress.org
787,Sterne,Dwyer,2006-11-21,Male,sdwyerlu@bluehost.com
788,Mel,Feldmus,2021-11-28,Male,mfeldmuslv@istockphoto.com
789,Daisey,Tant,2009-07-06,Female,dtantlw@ifeng.com
790,Cherida,Coultard,1970-06-02,Female,ccoultardlx@ted.com
791,Gustaf,Wasling,1994-03-24,Male,gwaslingly@mac.com
792,Aleta,Lewinton,2003-10-24,Female,alewintonlz@alibaba.com
793,Jefferey,Napthine,2003-01-31,Male,jnapthinem0@free.fr
794,Harwell,Wankel,1983-07-31,Male,hwankelm1@samsung.com
795,Sibley,Padgham,2017-03-01,Female,spadghamm2@taobao.com
796,Wilhelmina,Shoemark,2023-09-22,Female,wshoemarkm3@w3.org
797,Graham,Dyson,1962-08-05,Male,gdysonm4@netvibes.com
798,Vitoria,Birdwistle,2002-03-05,Female,vbirdwistlem5@google.fr
799,Carlen,Ponter,2020-06-14,Female,cponterm6@china.com.cn
800,Caro,Longworth,1997-05-04,Female,clongworthm7@canalblog.com
801,Berkeley,Whitehouse,1989-12-23,Male,bwhitehousem8@blogtalkradio.com
802,Arlin,Le Ball,2013-12-31,Male,aleballm9@last.fm
803,Leela,Lapping,2020-10-05,Female,llappingma@liveinternet.ru
804,Rudolf,Belz,1981-10-24,Male,rbelzmb@statcounter.com
805,Artur,Warters,1975-11-17,Male,awartersmc@123-reg.co.uk
806,Pennie,Snellman,2002-10-08,Female,psnellmanmd@tripadvisor.com
807,Cary,Vaughton,2024-08-09,Male,cvaughtonme@wikimedia.org
808,Harper,Woolstenholmes,1999-10-16,Male,hwoolstenholmesmf@youtube.com
809,Ernst,Connerly,2013-02-12,Male,econnerlymg@cdbaby.com
810,Dreddy,Lomas,1978-03-16,Female,dlomasmh@ocn.ne.jp
811,Charlot,Woodroofe,2005-06-10,Female,cwoodroofemi@miitbeian.gov.cn
812,Gusella,Nurse,2013-02-24,Female,gnursemj@fda.gov
813,Rand,Josse,2015-02-03,Male,rjossemk@ted.com
814,Joye,Trattles,2011-07-23,Female,jtrattlesml@51.la
815,Brad,Connikie,2001-02-20,Male,bconnikiemm@webeden.co.uk
816,Cosme,Dowdall,1984-01-28,Male,cdowdallmn@wsj.com
817,Tristan,Cordingly,1971-09-04,Male,tcordinglymo@sohu.com
818,Dacey,Hollibone,2006-01-20,Female,dhollibonemp@shutterfly.com
819,Corina,Sheeres,2012-12-09,Female,csheeresmq@state.tx.us
820,Isiahi,Champe,1995-10-12,Male,ichampemr@yale.edu
821,Web,Leeb,1962-10-17,Male,wleebms@craigslist.org
822,Georgine,Daniells,1971-09-15,Female,gdaniellsmt@mlb.com
823,Phyllis,Farherty,2017-05-29,Female,pfarhertymu@chron.com
824,Clywd,Lathy,1970-03-10,Male,clathymv@bigcartel.com
825,Luther,Raubenheimer,1997-01-08,Male,lraubenheimermw@51.la
826,Freemon,Ashington,2016-05-29,Male,fashingtonmx@omniture.com
827,Mordy,Lampe,2018-05-07,Male,mlampemy@mail.ru
828,Starr,Longson,1999-09-13,Female,slongsonmz@vistaprint.com
829,Florella,Tonn,1985-02-26,Female,ftonnn0@weibo.com
830,Robenia,Batters,2015-05-18,Female,rbattersn1@wikimedia.org
831,Doralia,Manchester,1968-07-06,Female,dmanchestern2@noaa.gov
832,Boy,Tomovic,1986-06-11,Male,btomovicn3@princeton.edu
833,Franciskus,Blankenship,2020-07-09,Male,fblankenshipn4@nytimes.com
834,Estel,Kohrt,2022-06-26,Female,ekohrtn5@ezinearticles.com
835,Halsey,Liger,1978-07-12,Male,hligern6@miibeian.gov.cn
836,Arnaldo,Ceci,1978-11-08,Male,acecin7@eepurl.com
837,Veda,Pozer,1988-11-12,Female,vpozern8@whitehouse.gov
838,Giorgi,Breslauer,1994-01-09,Male,gbreslauern9@examiner.com
839,Casey,Lepope,1986-09-24,Male,clepopena@feedburner.com
840,Anett,Francescoccio,2019-03-17,Female,afrancescoccionb@bbb.org
841,Loren,Sworn,1981-10-18,Male,lswornnc@odnoklassniki.ru
842,Scottie,Kapelhoff,1998-08-03,Male,skapelhoffnd@dailymotion.com
843,Kathi,Eggleson,2012-07-02,Female,kegglesonne@google.ru
844,Michaelina,Trays,1996-05-23,Female,mtraysnf@google.co.uk
845,Vittorio,Hedger,1973-07-23,Male,vhedgerng@phoca.cz
846,Jackson,Rowell,1966-09-01,Male,jrowellnh@github.com
847,Friedrich,Gilligan,1971-03-10,Male,fgilliganni@cloudflare.com
848,Johann,Comi,2019-07-23,Male,jcominj@chicagotribune.com
849,Berton,Crumpton,1977-10-26,Male,bcrumptonnk@tripadvisor.com
850,Philly,Halladay,2021-11-27,Female,phalladaynl@seesaa.net
851,Betty,Le Noire,1995-11-27,Female,blenoirenm@princeton.edu
852,Violetta,Flinn,2014-05-31,Female,vflinnnn@independent.co.uk
853,Teresina,Rowlands,2010-01-27,Female,trowlandsno@nature.com
854,Welbie,Gwilliams,1965-01-21,Male,wgwilliamsnp@github.com
855,Dene,Ondra,1994-12-23,Male,dondranq@rambler.ru
856,Florry,Yelland,1985-09-21,Female,fyellandnr@usa.gov
857,Feliza,McCrossan,1980-07-08,Female,fmccrossanns@amazon.co.jp
858,Terrance,Ferrick,1982-04-21,Male,tferricknt@theguardian.com
859,Jolyn,Yarrington,2016-05-17,Female,jyarringtonnu@liveinternet.ru
860,Flemming,Zellick,1984-03-23,Male,fzellicknv@blogger.com
861,Luca,Dripp,2013-06-26,Male,ldrippnw@cafepress.com
862,Liana,Iacovolo,2018-03-01,Female,liacovolonx@hhs.gov
863,Briggs,De Hooge,1995-01-02,Male,bdehoogeny@xinhuanet.com
864,Leonelle,Turford,1967-02-19,Female,lturfordnz@google.es
865,Keven,Forrestall,1965-02-19,Male,kforrestallo0@smh.com.au
866,Em,Soan,1983-10-26,Male,esoano1@blogger.com
867,Virgina,Addionizio,1991-11-25,Female,vaddionizioo2@pinterest.com
868,Lauree,Marginson,2007-09-27,Female,lmarginsono3@epa.gov
869,Michaelina,Marcombe,2020-06-29,Female,mmarcombeo4@engadget.com
870,Brandon,Shimmans,2005-05-06,Male,bshimmanso5@irs.gov
871,Rosa,Pierce,2016-05-18,Female,rpierceo6@cnn.com
872,Regen,McPeice,1968-10-10,Male,rmcpeiceo7@angelfire.com
873,Carlene,Canaan,1973-08-11,Female,ccanaano8@ebay.co.uk
874,Mac,Fishley,2014-03-27,Male,mfishleyo9@cdc.gov
875,Caldwell,Crawshay,2016-06-02,Male,ccrawshayoa@last.fm
876,Claiborn,Barette,1969-02-07,Male,cbaretteob@example.com
877,Jillana,Huws,1982-11-27,Female,jhuwsoc@scribd.com
878,Mikkel,Antonin,1964-01-18,Male,mantoninod@house.gov
879,Cecilius,Darlaston,2017-08-24,Male,cdarlastonoe@comsenz.com
880,Ediva,Dedon,1965-04-20,Female,ededonof@army.mil
881,Prentice,Huston,1983-03-22,Male,phustonog@ftc.gov
882,Franz,Dignon,1984-07-16,Male,fdignonoh@arstechnica.com
883,Wadsworth,Reboul,1979-11-14,Male,wrebouloi@networkadvertising.org
884,Rudolph,McCabe,2023-10-20,Male,rmccabeoj@cisco.com
885,Agnese,Jewar,2006-11-20,Female,ajewarok@posterous.com
886,Edythe,Prevett,1961-04-30,Female,eprevettol@amazonaws.com
887,Ara,Icke,2008-02-29,Male,aickeom@tuttocitta.it
888,Ros,Lamb,1964-03-07,Female,rlambon@webnode.com
889,Corena,Chaimson,1967-09-12,Female,cchaimsonoo@hatena.ne.jp
890,Bernetta,Wantling,2001-02-14,Female,bwantlingop@noaa.gov
891,Shep,Dreier,1962-04-13,Male,sdreieroq@phpbb.com
892,Corly,Coggill,2005-10-17,Female,ccoggillor@arizona.edu
893,Lamond,Waugh,2006-10-01,Male,lwaughos@hexun.com
894,Sybila,Patek,1962-11-15,Female,spatekot@uiuc.edu
895,Hobie,Langstrath,2016-08-21,Male,hlangstrathou@ucsd.edu
896,Georgette,Dignum,1970-07-23,Female,gdignumov@army.mil
897,Madison,Gilligan,2002-07-27,Male,mgilliganow@friendfeed.com
898,Doralin,Gartside,2006-03-24,Female,dgartsideox@youku.com
899,Kory,Goble,1975-06-01,Male,kgobleoy@lulu.com
900,Frederic,Noke,2014-10-29,Male,fnokeoz@storify.com
901,Andonis,Housegoe,1961-05-02,Male,ahousegoep0@loc.gov
902,Faustina,Foden,2006-05-07,Female,ffodenp1@msu.edu
903,Anna-diane,Gooke,1962-01-01,Female,agookep2@webs.com
904,Faina,Bridgwater,1989-01-09,Female,fbridgwaterp3@liveinternet.ru
905,Scarface,Mc Gorley,1988-01-27,Male,smcgorleyp4@seattletimes.com
906,Dallis,Leyton,1965-04-09,Male,dleytonp5@studiopress.com
907,Antin,Enston,1998-10-26,Male,aenstonp6@list-manage.com
908,Henriette,Zack,2003-04-13,Female,hzackp7@ucoz.com
909,Nikaniki,Shine,1999-07-03,Female,nshinep8@jiathis.com
910,Josephine,Durbridge,1998-04-08,Female,jdurbridgep9@ca.gov
911,Octavia,Blethyn,2024-01-09,Female,oblethynpa@ifeng.com
912,Wenona,Spatig,1967-06-28,Female,wspatigpb@spotify.com
913,Ozzy,Catt,2017-01-30,Male,ocattpc@huffingtonpost.com
914,Whitby,Clerc,1994-07-29,Male,wclercpd@fotki.com
915,Andrey,Hele,1972-03-31,Male,ahelepe@wired.com
916,Huey,Ogbourne,2002-06-09,Male,hogbournepf@51.la
917,Rikki,Le Leu,2018-01-18,Female,rleleupg@ox.ac.uk
918,Cornell,Mallabon,1994-01-03,Male,cmallabonph@t.co
919,Sofia,Van Driel,2005-01-25,Female,svandrielpi@mac.com
920,Valerye,Asprey,1988-07-21,Female,vaspreypj@wisc.edu
921,Cristian,Cattermull,1999-11-18,Male,ccattermullpk@washingtonpost.com
922,Trefor,Blann,1966-11-08,Male,tblannpl@adobe.com
923,Charo,Gosselin,1966-10-15,Female,cgosselinpm@a8.net
924,Pepe,Daybell,1985-10-04,Male,pdaybellpn@imgur.com
925,Dyanne,Schriren,1998-07-13,Female,dschrirenpo@ezinearticles.com
926,Der,Server,1975-12-18,Male,dserverpp@sun.com
927,Thacher,Gyngyll,2016-10-30,Male,tgyngyllpq@vinaora.com
928,Barris,Sturm,2007-07-12,Male,bsturmpr@a8.net
929,Cesar,Llewelly,1970-07-28,Male,cllewellyps@dailymotion.com
930,Gretal,Sheardown,1980-04-24,Female,gsheardownpt@over-blog.com
931,Dietrich,Farquhar,2004-03-11,Male,dfarquharpu@theatlantic.com
932,Julienne,Kidgell,1985-06-03,Female,jkidgellpv@ca.gov
933,Ira,Scollan,2017-07-14,Female,iscollanpw@twitpic.com
934,Violetta,Blune,1982-10-14,Female,vblunepx@spotify.com
935,Rica,Babe,2011-03-22,Female,rbabepy@tmall.com
936,Allissa,Melloi,1965-02-07,Female,amelloipz@census.gov
937,Edyth,Hendrick,1984-06-17,Female,ehendrickq0@cargocollective.com
938,Tobin,Cosbey,2004-11-07,Male,tcosbeyq1@amazon.co.jp
939,Catherina,Brodnecke,2022-08-16,Female,cbrodneckeq2@ehow.com
940,Ernest,Camosso,1999-03-12,Male,ecamossoq3@mysql.com
941,Theressa,Shelley,2022-04-07,Female,tshelleyq4@purevolume.com
942,Angus,Georgeson,1985-07-07,Male,ageorgesonq5@pagesperso-orange.fr
943,Robby,Cardinale,1973-07-17,Female,rcardinaleq6@japanpost.jp
944,Roderick,Dowsey,1963-11-21,Male,rdowseyq7@github.io
945,Quent,Jerwood,1964-08-31,Male,qjerwoodq8@umich.edu
946,Adolf,Kestell,1981-12-30,Male,akestellq9@usnews.com
947,Blondie,Sember,2016-01-05,Female,bsemberqa@mashable.com
948,Regine,Penwright,1961-12-31,Female,rpenwrightqb@huffingtonpost.com
949,Maryjo,Clifford,2002-08-20,Female,mcliffordqc@youtu.be
950,Elysee,Brosh,2001-02-06,Female,ebroshqd@deviantart.com
951,Candi,Nottingham,1969-11-20,Female,cnottinghamqe@theatlantic.com
952,Anissa,Bineham,2014-06-09,Female,abinehamqf@stanford.edu
953,Ninon,Umney,2008-10-20,Female,numneyqg@imageshack.us
954,Sutherland,Krop,1963-02-16,Male,skropqh@geocities.com
955,Tore,Lippiett,2014-06-14,Male,tlippiettqi@rediff.com
956,Jorgan,Kingswood,1982-06-04,Male,jkingswoodqj@columbia.edu
957,Denys,Antonov,1985-08-25,Female,dantonovqk@illinois.edu
958,Wendie,Eliot,2013-10-14,Female,weliotql@php.net
959,Seth,Kelle,1967-04-03,Male,skelleqm@un.org
960,Guglielma,Couve,2011-06-05,Female,gcouveqn@macromedia.com
961,Rutledge,Somerset,2000-02-08,Male,rsomersetqo@ovh.net
962,Katine,Saipy,2011-08-05,Female,ksaipyqp@indiegogo.com
963,Shayne,Scawn,1963-01-02,Male,sscawnqq@symantec.com
964,Rachelle,Monk,1966-09-05,Female,rmonkqr@wufoo.com
965,Wyatan,Palffy,2012-06-27,Male,wpalffyqs@dagondesign.com
966,Andras,Goodrich,2022-12-31,Male,agoodrichqt@dyndns.org
967,Tore,Such,1968-10-19,Male,tsuchqu@ucsd.edu
968,Kienan,MacCulloch,1969-03-07,Male,kmaccullochqv@odnoklassniki.ru
969,Tore,Peterken,2020-09-30,Male,tpeterkenqw@mtv.com
970,Lyndsie,Linkie,1961-03-06,Female,llinkieqx@ucla.edu
971,Orelle,Baylay,2003-03-05,Female,obaylayqy@github.com
972,Stillman,Gajownik,1990-03-10,Male,sgajownikqz@goodreads.com
973,Rennie,Branni,1990-06-03,Female,rbrannir0@latimes.com
974,Celinka,Grovier,2019-11-15,Female,cgrovierr1@nydailynews.com
975,Tim,Bosnell,1997-02-10,Male,tbosnellr2@army.mil
976,Arlie,Ullyott,1964-12-03,Female,aullyottr3@bigcartel.com
977,Hobie,Breckon,2023-08-23,Male,hbreckonr4@ted.com
978,Rowland,Skayman,2015-02-16,Male,rskaymanr5@nydailynews.com
979,Davis,De Bell,2023-08-18,Male,ddebellr6@paypal.com
980,Amalita,Gouldthorpe,1986-02-16,Female,agouldthorper7@timesonline.co.uk
981,Brien,Harbour,2020-06-05,Male,bharbourr8@uol.com.br
982,Kelcie,Very,1983-02-03,Female,kveryr9@360.cn
983,Flynn,Muress,2020-04-05,Male,fmuressra@youtube.com
984,Brigham,Whopples,1973-05-30,Male,bwhopplesrb@foxnews.com
985,Barde,MacCathay,1963-07-26,Male,bmaccathayrc@e-recht24.de
986,Jacklyn,Cyson,1976-06-11,Female,jcysonrd@prnewswire.com
987,Tate,Lempel,2018-03-31,Male,tlempelre@privacy.gov.au
988,Somerset,Philcox,2015-03-29,Male,sphilcoxrf@acquirethisname.com
989,Darrelle,Bea,1967-12-27,Female,dbearg@yandex.ru
990,Aylmar,Dobrowski,2021-12-09,Male,adobrowskirh@webnode.com
991,Jania,Beardmore,1971-06-22,Female,jbeardmoreri@prnewswire.com
992,Johan,Ivashechkin,2014-09-14,Male,jivashechkinrj@bluehost.com
993,Hilda,Leband,1962-12-23,Female,hlebandrk@tumblr.com
994,Gail,Harrell,1981-04-03,Female,gharrellrl@artisteer.com
995,Edsel,Ashment,1974-01-16,Male,eashmentrm@odnoklassniki.ru
996,Halette,Cocci,1997-10-13,Female,hcoccirn@upenn.edu
997,Mohandas,Ginie,2024-02-06,Male,mginiero@smugmug.com
998,Klarika,Colten,1972-03-19,Female,kcoltenrp@ucla.edu
999,Sherill,Shakle,1996-01-28,Female,sshaklerq@pagesperso-orange.fr
1000,Vilma,Castiglio,1963-02-26,Female,vcastigliorr@odnoklassniki.ru
